[
    {

        "type": "القسطنطينيه",
        "answers": ["ا ل ق س ط ن ط ي ن ي ه"]
    },
    {
	        "type": "قدرنامنجاكي",
        "answers": ["ق د ر ن ا م ن ج ا ك ي"]
    },
    {
	        "type": "تمنراست",
        "answers": ["ت م ن ر ا س ت"]
    },
    {
	        "type": "الاسكندرية",
        "answers": ["ا ل ا س ك ن د ر ي ة"]
    },
    {
	        "type": "دبلوماسي",
        "answers": ["د ب ل و م ا س ي"]
    },
    {
	        "type": "بليلة بلبلوكي",
        "answers": ["ب ل ي ل ة ب ل ب ل و ك ي"]
    },
    {
	        "type": "العالميه صعبه قويه",
        "answers": ["ا ل ع ا ل م ي ه ص ع ب ه ق و ي ه"]
    },
    {

	        "type": "قميص نفيسه نشف",
        "answers": ["ق م ي ص ن ف ي س ه ن ش ف"]
    },
    {
	        "type": "حوش خميس خوش حوش",
        "answers": ["ح و ش خ م ي س خ و ش ح و ش"]
    },
    {
	        "type": "كم كلمه في كم",
        "answers": ["ك م ك ل م ه ف ي ك م"]
    },
    {
	        "type": "قعقاع فوق قعقاع",
        "answers": ["ق ع ق ا ع ف و ق ق ع ق ا ع"]
    },
    {
	        "type": "جو جدة زي جو جيزان",
        "answers": ["ج و ج د ة ز ي ج و ج ي ز ا ن"]
    },
    {
	        "type": "فراش فراس مفروش",
        "answers": ["ف ر ا ش ف ر ا س م ف ر و ش"]
    },
    {
	        "type": "لقمه و جغمه",
        "answers": ["ل ق م ه و ج غ م ه"]
    },
    {
	        "type": "صفحة سبعة صعبة",
        "answers": ["ص ف ح ة س ب ع ة ص ع ب ة"]
    },
    {
	        "type": "لوري بلا بوري",
        "answers": ["ل و ر ي ب ل ا ب و ر ي"]
    },
    {
	        "type": "شعبان شبعان",
        "answers": ["ش ع ب ا ن ش ب ع ا ن"]
    },
    {
	        "type": "شرطي أكل طرشي",
        "answers": ["ش ر ط ي أ ك ل ط ر ش ي"]
    },
    {
	        "type": "الشاعر في الشارع",
        "answers": ["ا ل ش ا ع ر ف ي ا ل ش ا ر ع"]
    },
    {
	        "type": "خيط حرير على حيط خليل",
        "answers": ["خ ي ط ح ر ي ر ع ل ى ح ي ط خ ل ي ل"]
    },
    {
		        "type": "يالله ياقلبي تعبنى",
        "answers": ["ي ا ل ل ه ي ا ق ل ب ي ت ع ب ن ي"]
    },
    {





    }
]
