[
    {
	
        "type": "1-1",
        "answers": ["0"]
    },
    {
	        "type": "3+8",
        "answers": ["11"]
    },
    {
	        "type": "23-6",
        "answers": ["17"]
    },
        {
	
        "type": "2+8",
        "answers": ["10"]
    },
    {
	        "type": "6×6",
        "answers": ["36"]
    },
    {
	        "type": "12+1",
        "answers": ["13"]
    },
        {
	
        "type": "12-1",
        "answers": ["11"]
    },
    {
	        "type": "32×1",
        "answers": ["32"]
    },
    {
	        "type": "1+99",
        "answers": ["100"]
    },
        {
	
        "type": "99+1",
        "answers": ["100"]
    },
    {
	        "type": "30-9",
        "answers": ["21"]
    },
    {
	        "type": "2×2",
        "answers": ["4"]
    },
        {
	
        "type": "0+0",
        "answers": ["0"]
    },
    {
	        "type": "1000×1",
        "answers": ["1000"]
    },
    {
	        "type": "3000-100",
        "answers": ["2900"]
    },
        {
	
        "type": "4+4",
        "answers": ["8"]
    },
    {
	        "type": "9÷3",
        "answers": ["3"]
    },
    {
	        "type": "2-22",
        "answers": ["20"]
    }
    
]
