[
    {
        "type": "وش لون السماء",
        "answers": ["ازرق", "أزرق", "زرقاء", "لون أزرق", "لون ازرق"]
    },
    {
        "type": "ما هو إسم الشهر الميلادي الذي إذا حذفت أوله , تحول إلى إسم فاكهه ؟",
        "answers": ["تموز"]
    },
    {
        "type": "ما هي الكلمه التي يبطل معناها إذا نطقنا بها ؟",
        "answers": ["الصمت", "صمت", "السكوت", "الصموت"]
    },
    {
        "type": " ما الذي يكون بين السماء و الارض ؟",
        "answers": ["الواو","حرف الواو", "و", "حرف و"]
    },
    {
        "type": "ما هو الشي الذي كلما زاد نقص ؟",
        "answers": ["العمر"]
    },
    {
        "type": "ما هو الشي الذي كلما زاد نقص ؟",
        "answers": ["العمر", "عمر", "عمرك"]
    },
    {
        "type": "ما هو الشي الذي يتكلم جميع لغات العالم ؟",
        "answers": ["الصدى", "صدى"]
    },
    {
        "type": "ما هو الشي الذي كلما أخذت منه كبر ؟",
        "answers": ["الحفرة"]
    },
    {
        "type": "هو ابن الماء . وإذا وضع فيه الماء مات ... فماذا يكون ؟",
        "answers": ["الثلج", "ثلج", "ثلجة"]
    },
    {
        "type": "كله ثقوب و مع ذلك يحفظ الماء ؟",
        "answers": ["الاسفنج", "اسفنح", "اسفنحة", "اسفنحه", "سفنج"]
    },
    {
        "type": "مدينه سعوديه إسمها على إسم نبات .. فما هي ؟",
        "answers": ["عرعر", "العرعر", "مدينة عرعر", "عريعرة"]
    },
    {
        "type": "من هي بنت خال بنت والدك ؟ ",
        "answers": ["اختك", "اختي", "ختي", "اختوي"]
    },
    {
        "type": "ما هو الشي الذي لا يستفاد منه إلا إذا كسر ؟",
        "answers": ["البيض", "البيضة", "البيضه", "بيض", "بيضه", "بيضة"]
    },
    {
        "type": "انسان .. ولكنه ليس من بني ادم فمن هو ؟",
        "answers": ["ادم", "ادم عليه السلام", "أدم", "النبي ادم"]
    },
    {
        "type": "من هو الذي تراه ولا يراك ؟",
        "answers": ["الأعمى", "الكفيف", "العمي", "أعمى"]
    },
    {
        "type": "ما هو الشي الذي يذهب ولا يرجع ؟",
        "answers": ["الدخان", "دخان", "ادخنة"]
    },
    {
        "type": "ما هو الشي الذي كلما زاد نقص ؟",
        "answers": ["العمر"]
    },
    {
        "type": "ما هو الشي الذي كلما زاد نقص ؟",
        "answers": ["العمر"]
    }

]
