[
    {
	
        "type": "ا ل ق س ط ن ط ي ن ي ه",
        "answers": ["القسطنطينيه"]
    },
    {
	        "type": "ق د ر ن ا م ن ج ا ك ي",
        "answers": ["قدرنا منحاكي"]
    },
    {
	        "type": "ت م ن ر ا س ت",
        "answers": ["تمنراست"]
    },
    {
	        "type": "ا ل ا س ك ن د ر ي ة",
        "answers": ["الاسكندرية"]
    },
    {
	        "type": "د ب ل و م ا س ي",
        "answers": ["دبلوماسي"]
    },
    {
	        "type": "و ل د ا ب ن ا ب و ه ",
        "answers": ["ولد ابن ابوه "]
    },
    {
	        "type": "ا ل ع ا ل م ي ه ص ع ب ه ق و ي ه",
        "answers": ["العالميه صعبه قويه"]
    },
    {

	        "type": "ق م ي ص ن ف ي س ه ن ش ف",
        "answers": ["قميص نفيسه نشف"]
    },
    {
	        "type": "ح و ش خ م ي س خ و ش ح و ش",
        "answers": ["حوش خميس خوش حوش"]
    },
    {
	        "type": "ك م ك ل م ه ف ي ك م",
        "answers": ["كم كلمه في كم"]
    },
    {
	        "type": "ق ع ق ا ع ف و ق ق ع ق ا ع",
        "answers": ["قعقاع فوق قعقاع"]
    },
    {
	        "type": "ج و ج د ة ز ي ج و ج ي ز ا ن",
        "answers": ["جو جدة زي جو جيزان"]
    },
    {
	        "type": "ف ر ا ش ف ر ا س م ف ر و ش",
        "answers": ["فراش فراس مفروفراش فراس مفروش"]
    },
    {
	        "type": "ه ق م ه و ج غ م ل",
        "answers": ["لقمه وجغمه "]
    },
    {
	        "type": "ص ف ح ة س ب ع ة ص ع ب ة",
        "answers": ["صفحة سبعة صعبة"]
    },
    {
	        "type": "ل و ر ي ب ل ا ب و ر ي",
        "answers": ["لوري بلا بوري"]
    },
    {
	        "type": "ش ع ب ا ن ش ب ع ا ن",
        "answers": ["شعبان شبعان"]
    },
    {
	        "type": "ش ر ط ي أ ك ل ط ر ش ي",
        "answers": ["شرطي أكل طرشي"]
    },
    {
	        "type": "ا ل ش ا ع ر ف ي ا ل ش ا ر ع",
        "answers": ["الشاعر في الشارع"]
    },
    {
	        "type": "خ ي ط ح ر ي ر ع ل ى ح ي ط خ ل ي ل",
        "answers": ["خيط حرير على حيط خليل"]
    },
    {
		        "type": "ي ا ل ل ه ي ا ق ل ب ي ت ع ب ن ي",
        "answers": ["يالله ياقلبي تعبني"]
    },
    {
	
	
	
	
	
    }
]
